City_ID,City,Country,Lat,Lng,Max Temp,Humidity,Cloudiness,Wind Speed,Current Description
0,Iqaluit,CA,63.75,-68.51,48.2,76,40,3.36,scattered clouds
1,Sarahan,IN,31.52,77.8,63.54,76,54,1.45,broken clouds
2,Puerto Ayora,EC,-0.74,-90.35,75.2,60,40,14.99,scattered clouds
3,Saskylakh,RU,71.92,114.08,40.93,83,0,8.16,clear sky
4,Port Hedland,AU,-20.32,118.57,66.2,55,0,8.05,clear sky
5,Coquimbo,CL,-29.95,-71.34,55.4,66,90,18.34,overcast clouds
6,Busselton,AU,-33.65,115.33,45.0,77,1,4.61,clear sky
7,Punta Arenas,CL,-53.15,-70.92,37.4,55,40,28.86,scattered clouds
8,Barrow,US,71.29,-156.79,37.4,100,90,14.99,mist
9,Nome,US,64.5,-165.41,51.8,81,90,9.17,overcast clouds
10,Saldanha,ZA,-33.01,17.94,59.0,72,91,4.7,overcast clouds
11,Kapaa,US,22.08,-159.32,80.6,78,40,11.41,scattered clouds
12,Borinskoye,RU,52.46,39.37,68.0,49,52,2.24,broken clouds
13,New Norfolk,AU,-42.78,147.06,39.0,86,34,1.01,scattered clouds
14,Mumford,GH,5.26,-0.76,74.77,87,12,12.75,few clouds
15,Kalach-Na-Donu,RU,48.69,43.53,64.0,42,20,4.47,few clouds
16,Taiyuan,CN,37.87,112.56,69.8,83,90,6.71,light rain
17,Catamarca,AR,-28.47,-65.79,73.99,23,46,1.99,scattered clouds
18,Namibe,AO,-15.2,12.15,66.74,87,40,4.88,scattered clouds
19,Kaohsiung,TW,22.62,120.31,84.2,79,75,8.05,thunderstorm
20,Ganzhou,CN,28.82,115.43,80.53,79,0,3.42,clear sky
21,Albany,US,42.6,-73.97,86.0,60,7,2.75,clear sky
22,Butaritari,KI,3.07,172.79,82.96,67,71,9.64,broken clouds
23,Bluff,NZ,-46.6,168.33,44.01,92,40,4.0,scattered clouds
24,Victoria,HK,22.29,114.16,84.0,79,96,8.01,overcast clouds
25,Kaitangata,NZ,-46.28,169.85,53.01,89,97,15.99,overcast clouds
26,Kodiak,US,57.79,-152.41,57.2,82,90,3.47,light rain
27,Mataura,NZ,-46.19,168.86,44.01,92,41,4.0,scattered clouds
28,Rikitea,PF,-23.12,-134.97,69.71,83,73,23.49,broken clouds
29,Hermanus,ZA,-34.42,19.23,57.0,93,100,6.76,overcast clouds
30,Atuona,PF,-9.8,-139.03,78.13,78,20,16.8,light rain
31,Lompoc,US,34.64,-120.46,73.99,73,1,5.82,clear sky
32,Dikson,RU,73.51,80.55,46.51,78,0,9.6,clear sky
33,Hasaki,JP,35.73,140.83,75.2,94,40,6.93,mist
34,Panaba,MX,21.28,-88.27,94.14,51,90,2.98,overcast clouds
35,Riyadh,SA,24.69,46.72,105.8,12,63,5.82,broken clouds
36,Ilulissat,GL,69.22,-51.1,46.4,52,2,3.36,clear sky
37,Qaanaaq,GL,77.48,-69.36,37.65,83,100,2.15,overcast clouds
38,Maceio,BR,-9.67,-35.74,82.4,58,40,11.41,scattered clouds
39,Jamestown,US,42.1,-79.24,77.0,83,75,3.36,broken clouds
40,Laguna,US,38.42,-121.42,84.0,47,1,5.46,clear sky
41,La Rioja,ES,42.25,-2.5,77.0,41,72,6.93,broken clouds
42,Tuktoyaktuk,CA,69.45,-133.04,57.2,76,40,11.41,scattered clouds
43,Hithadhoo,MV,-0.6,73.08,82.56,77,42,11.18,moderate rain
44,Oktyabrskiy,RU,54.48,53.47,55.35,84,0,2.71,clear sky
45,Georgetown,MY,5.41,100.34,82.4,88,20,3.36,few clouds
46,Benghazi,LY,32.12,20.07,80.01,73,0,13.51,clear sky
47,Samarai,PG,-10.62,150.67,75.34,76,100,14.79,overcast clouds
48,Muroto,JP,33.28,134.15,82.4,76,44,5.1,scattered clouds
49,Vaini,TO,-21.2,-175.2,73.4,94,20,5.82,few clouds
50,Castro,BR,-24.79,-50.01,58.1,68,27,10.38,scattered clouds
51,Airai,TL,-8.93,125.41,57.07,36,65,4.07,broken clouds
52,Esna,EG,25.29,32.55,95.0,23,0,4.7,clear sky
53,Lagoa,PT,39.05,-27.98,73.81,88,37,15.46,scattered clouds
54,Yamada,JP,39.47,141.95,71.1,87,99,3.65,overcast clouds
55,Mecca,SA,21.43,39.83,93.6,24,20,4.92,few clouds
56,Kubinka,RU,55.58,36.69,68.0,63,97,6.71,overcast clouds
57,Tual,ID,-5.67,132.75,78.28,81,73,18.39,broken clouds
58,Thompson,CA,55.74,-97.86,48.2,100,90,6.93,light rain
59,Khatanga,RU,71.97,102.5,54.81,67,88,9.71,overcast clouds
60,Chapais,CA,49.78,-74.85,66.2,55,90,11.41,overcast clouds
61,Anadyr,RU,64.75,177.48,50.0,93,40,4.47,scattered clouds
62,Salinopolis,BR,-0.61,-47.36,82.54,79,35,10.8,light rain
63,Vestmannaeyjar,IS,63.44,-20.27,55.4,71,88,11.41,overcast clouds
64,Villa Bruzual,VE,9.33,-69.12,83.89,76,63,3.96,light rain
65,Port Elizabeth,ZA,-33.92,25.57,59.0,82,20,16.11,few clouds
66,Cape Town,ZA,-33.93,18.42,61.0,87,100,10.29,overcast clouds
67,Hobart,AU,-42.88,147.33,42.01,80,40,6.93,scattered clouds
68,Avarua,CK,-21.21,-159.78,71.6,78,3,3.36,clear sky
69,Acarau,BR,-2.89,-40.12,83.75,61,0,22.37,clear sky
70,Caravelas,BR,-17.71,-39.25,68.09,86,100,12.3,light rain
71,Oranjemund,NA,-28.55,16.43,55.2,87,0,8.19,clear sky
72,Okha,RU,53.57,142.95,47.84,93,0,3.22,clear sky
73,Mayumba,GA,-3.43,10.66,73.71,84,50,8.43,scattered clouds
74,Ushuaia,AR,-54.8,-68.3,35.6,74,20,12.75,few clouds
75,Mahebourg,MU,-20.41,57.7,71.6,73,20,17.22,few clouds
76,Rawson,AR,-43.3,-65.1,64.85,28,78,7.02,broken clouds
77,San Lazaro,BZ,18.04,-88.66,89.6,74,75,9.17,broken clouds
78,Magnolia,US,33.27,-93.24,91.0,58,1,8.01,clear sky
79,Gurupi,BR,-11.73,-49.07,96.69,23,50,6.73,scattered clouds
80,Chakulia,IN,22.48,86.72,79.81,86,100,3.85,overcast clouds
81,Nepomuk,CZ,49.49,13.58,64.0,92,7,6.11,clear sky
82,Kavieng,PG,-2.57,150.8,77.72,89,100,9.93,light rain
83,Ayagoz,KZ,47.97,80.44,64.08,40,97,6.02,overcast clouds
84,Bambous Virieux,MU,-20.34,57.76,72.0,73,20,17.22,few clouds
85,Fairbanks,US,64.84,-147.72,57.99,93,75,3.36,broken clouds
86,Bredasdorp,ZA,-34.53,20.04,59.0,82,100,4.7,overcast clouds
87,Wewak,PG,-3.55,143.63,77.45,84,98,0.81,moderate rain
88,Elko,US,41.0,-115.5,82.0,18,1,2.15,haze
89,Puerto Escondido,MX,15.85,-97.07,82.4,65,90,6.93,overcast clouds
90,Jurado,CO,7.11,-77.76,80.11,83,81,6.44,light rain
91,Seoul,KR,37.57,126.98,75.2,83,90,0.38,overcast clouds
92,Tilichiki,RU,60.47,166.1,43.27,89,95,7.14,overcast clouds
93,Gazli,UZ,40.13,63.45,88.92,12,72,14.79,broken clouds
94,Carauari,BR,-4.88,-66.9,96.46,29,3,1.23,clear sky
95,Arlit,NE,18.74,7.39,96.53,29,79,10.96,light rain
96,Jashpurnagar,IN,22.9,84.15,73.87,84,100,2.82,overcast clouds
97,Sukhovolya,UA,49.82,23.84,64.4,93,75,4.47,broken clouds
98,Port Alfred,ZA,-33.59,26.89,58.82,81,1,8.63,clear sky
99,Forrest City,US,35.01,-90.79,87.8,45,1,3.36,clear sky
100,Faanui,PF,-16.48,-151.75,76.46,78,6,19.75,clear sky
101,San Patricio,MX,19.22,-104.7,86.0,74,75,6.93,broken clouds
102,Port Antonio,JM,18.18,-76.46,91.0,74,75,6.93,broken clouds
103,Arraial Do Cabo,BR,-22.97,-42.03,73.4,64,75,4.7,broken clouds
104,Saint-Philippe,RE,-21.36,55.77,68.0,72,24,4.7,few clouds
105,Bubaque,GW,11.28,-15.83,80.22,81,100,12.01,overcast clouds
106,Montrose,US,38.42,-108.27,84.0,26,94,3.0,overcast clouds
107,Fortuna,US,40.6,-124.16,60.01,93,90,6.93,overcast clouds
108,Rio Cuarto,AR,-33.13,-64.35,69.8,11,0,35.57,dust
109,Aykhal,RU,66.0,111.5,48.2,66,0,6.71,clear sky
110,Kisangani,CD,0.52,25.2,70.92,92,81,2.19,broken clouds
111,Longyan,CN,25.11,117.02,74.57,85,22,1.97,light rain
112,Tahlequah,US,35.92,-94.97,88.0,52,1,5.55,clear sky
113,Quesnel,CA,53.0,-122.5,51.8,81,1,2.24,clear sky
114,Karratha,AU,-20.74,116.85,73.51,48,12,7.11,few clouds
115,Ketchikan,US,55.34,-131.65,57.2,100,90,9.17,moderate rain
116,Maneadero,MX,31.72,-116.57,79.0,82,6,4.0,clear sky
117,Port Blair,IN,11.67,92.75,81.61,81,99,8.63,overcast clouds
118,Bandarbeyla,SO,9.49,50.81,77.05,76,78,32.5,broken clouds
119,San Quintin,MX,30.48,-115.95,78.62,62,0,7.87,clear sky
120,Clyde River,CA,70.47,-68.59,42.76,89,100,8.12,overcast clouds
121,Faya,SA,18.39,42.45,73.4,88,84,6.93,broken clouds
122,Timra,SE,62.49,17.33,64.99,59,67,3.36,light rain
123,Wetaskiwin,CA,52.97,-113.37,62.6,45,20,2.24,few clouds
124,Srednekolymsk,RU,67.45,153.68,34.36,89,98,7.52,overcast clouds
125,Ahipara,NZ,-35.17,173.17,55.09,79,51,18.95,light rain
126,Alnavar,IN,15.43,74.73,71.6,94,75,4.7,broken clouds
127,Geraldton,AU,-28.77,114.6,50.0,87,75,6.2,broken clouds
128,Cidreira,BR,-30.18,-50.21,62.1,69,0,15.43,clear sky
129,Meulaboh,ID,4.14,96.13,77.7,82,92,2.75,overcast clouds
130,Alofi,NU,-19.06,-169.92,73.4,88,77,8.05,broken clouds
131,Parainen,FI,60.31,22.3,66.2,68,20,12.75,few clouds
132,Taseyevo,RU,57.22,94.9,53.64,80,64,3.04,broken clouds
133,Barcelos,PT,41.54,-8.62,81.0,68,14,10.29,few clouds
134,Sao Filipe,CV,14.9,-24.5,79.9,77,97,6.17,overcast clouds
135,Mar Del Plata,AR,-38.0,-57.56,66.2,39,0,14.99,clear sky
136,Mastic Beach,US,40.77,-72.85,82.99,65,1,10.29,clear sky
137,Hilo,US,19.73,-155.09,78.8,74,75,3.36,broken clouds
138,Vila Franca Do Campo,PT,37.72,-25.43,77.0,78,20,12.75,few clouds
139,Klaksvik,FO,62.23,-6.59,48.2,76,81,13.87,broken clouds
140,Parrita,CR,9.52,-84.32,75.99,78,40,8.05,scattered clouds
141,East London,ZA,-33.02,27.91,63.68,71,32,5.48,scattered clouds
142,Nouadhibou,MR,20.93,-17.03,80.6,65,3,19.46,clear sky
143,Galle,LK,6.04,80.22,80.2,84,27,5.1,scattered clouds
144,Chicama,PE,-7.84,-79.15,74.84,46,32,10.69,scattered clouds
145,Chokurdakh,RU,70.63,147.92,32.47,96,96,9.06,overcast clouds
146,Pinega,RU,64.7,43.39,58.66,92,100,9.55,overcast clouds
147,Taltal,CL,-25.4,-70.48,58.15,62,19,4.03,few clouds
148,Olafsvik,IS,64.89,-23.71,52.3,65,28,7.38,scattered clouds
149,Mokhsogollokh,RU,61.47,128.92,42.69,72,84,3.71,broken clouds
150,Qaqortoq,GL,60.72,-46.03,55.4,62,0,9.17,clear sky
151,Tommot,RU,58.96,126.29,40.46,74,0,1.16,clear sky
152,Constitucion,CL,-35.33,-72.42,54.05,71,100,20.83,overcast clouds
153,Cayenne,GF,4.93,-52.33,75.2,88,4,11.39,clear sky
154,Lorengau,PG,-2.02,147.27,76.86,87,100,6.62,moderate rain
155,Onguday,RU,50.75,86.15,49.06,71,78,1.54,broken clouds
156,Tahoua,NE,14.89,5.27,89.55,46,99,7.65,overcast clouds
157,Carnarvon,AU,-24.87,113.63,64.4,88,54,17.22,broken clouds
158,Provideniya,RU,64.38,-173.3,49.86,91,98,5.01,light rain
159,Boende,CD,-0.22,20.87,70.47,96,100,1.45,overcast clouds
160,Tasiilaq,GL,65.61,-37.64,48.2,76,0,10.29,clear sky
161,Conde,BR,-7.26,-34.91,82.4,61,20,17.22,few clouds
162,Huarmey,PE,-10.07,-78.15,67.53,62,37,8.68,scattered clouds
163,Abong Mbang,CM,3.98,13.18,69.46,96,100,3.51,moderate rain
164,Nemuro,JP,43.32,145.57,62.58,98,40,3.0,scattered clouds
165,Fryanovo,RU,56.13,38.45,68.0,52,100,6.71,overcast clouds
166,Chizhou,CN,30.66,117.48,79.83,81,0,2.39,clear sky
167,Togur,RU,58.36,82.83,51.87,95,71,3.2,broken clouds
168,Pisco,PE,-13.7,-76.22,64.4,72,90,9.17,overcast clouds
169,North Bend,US,43.41,-124.22,71.01,87,20,10.47,few clouds
170,Honiara,SB,-9.43,159.95,73.4,100,90,3.36,light rain
171,Ust-Tsilma,RU,65.44,52.15,57.6,85,12,5.23,few clouds
172,Narsaq,GL,60.92,-46.05,55.4,62,0,9.17,clear sky
173,Zhangye,CN,38.93,100.45,70.61,36,6,5.68,clear sky
174,San Cristobal,VE,7.77,-72.22,84.2,62,40,3.36,scattered clouds
175,Hofn,IS,64.25,-15.21,57.2,67,75,5.82,broken clouds
176,Mount Gambier,AU,-37.83,140.77,39.2,93,90,8.05,overcast clouds
177,Nioro,GM,13.35,-15.75,76.17,85,100,4.38,overcast clouds
178,Zamora,EC,-4.07,-78.96,84.2,35,40,14.99,scattered clouds
179,Ribeira Grande,PT,38.52,-28.7,75.2,88,75,6.93,broken clouds
180,Westport,US,41.14,-73.36,84.99,69,1,6.93,clear sky
181,Lebu,CL,-37.62,-73.65,50.76,91,100,20.85,light rain
182,La Ronge,CA,55.1,-105.28,64.4,59,75,21.92,broken clouds
183,Beloha,MG,-25.17,45.05,67.32,82,1,6.87,clear sky
184,Rypefjord,NO,70.63,23.67,51.8,100,75,24.16,broken clouds
185,Los Llanos De Aridane,ES,28.66,-17.92,80.01,73,20,17.22,few clouds
186,Vanimo,PG,-2.67,141.3,77.52,81,96,4.21,moderate rain
187,Port Keats,AU,-14.25,129.55,68.32,74,0,5.32,clear sky
188,Jacksonville,US,30.33,-81.66,91.0,88,75,11.41,moderate rain
189,Rudbar,AF,30.15,62.6,94.84,27,0,14.2,clear sky
190,Stribro,CZ,49.75,13.0,70.0,56,17,5.82,few clouds
191,Half Moon Bay,US,37.46,-122.43,75.0,68,75,9.17,haze
192,Chuy,UY,-33.7,-53.46,62.58,58,0,10.47,clear sky
193,Santa Isabel Do Rio Negro,BR,-0.41,-65.02,94.06,37,0,2.51,clear sky
194,Old Town,US,44.93,-68.65,81.0,47,75,6.93,broken clouds
195,Olinda,BR,-8.01,-34.86,80.6,65,40,11.41,scattered clouds
196,Bengkulu,ID,-3.8,102.27,76.53,88,96,4.74,overcast clouds
197,Okhotsk,RU,59.38,143.3,44.31,71,16,1.77,few clouds
198,Te Anau,NZ,-45.42,167.72,39.18,89,94,0.47,overcast clouds
199,Sola,VU,-13.88,167.55,80.44,85,95,13.22,overcast clouds
200,Saint-Pierre,RE,-21.34,55.48,68.0,72,0,4.7,clear sky
201,Kodinsk,RU,58.69,99.18,54.12,89,100,1.1,overcast clouds
202,Chute-Aux-Outardes,CA,49.12,-68.4,62.6,72,75,6.93,broken clouds
203,Verkhnevilyuysk,RU,63.45,120.32,39.09,81,0,2.24,clear sky
204,Cherskiy,RU,68.75,161.3,38.25,94,100,13.53,overcast clouds
205,Zhuhai,CN,22.28,113.57,86.0,83,20,5.82,few clouds
206,Quelimane,MZ,-17.88,36.89,71.6,73,47,2.51,scattered clouds
207,Fukue,JP,32.69,128.84,81.93,70,0,2.42,clear sky
208,Lavrentiya,RU,65.58,-171.0,46.92,94,97,5.39,overcast clouds
209,Sept-Iles,CA,50.2,-66.38,62.6,55,75,8.05,broken clouds
210,Hatillo,PR,18.49,-66.83,90.0,69,94,3.0,light rain
211,Yerbogachen,RU,61.28,108.01,47.7,61,44,6.76,scattered clouds
212,Kokoda,PG,-8.88,147.74,70.59,66,100,2.89,overcast clouds
213,Domokos,GR,39.13,22.3,82.99,54,0,5.82,clear sky
214,Eenhana,NA,-17.47,16.33,82.4,20,1,3.36,clear sky
215,Yellowknife,CA,62.46,-114.35,57.99,66,40,8.05,scattered clouds
216,Rexburg,US,43.83,-111.79,69.8,43,1,3.36,haze
217,Corralillo,CU,22.98,-80.59,88.2,68,69,16.89,broken clouds
218,Sitka,US,57.05,-135.33,55.4,93,90,3.36,light rain
219,Esperance,AU,-33.87,121.9,50.0,100,75,3.36,broken clouds
220,Celestun,MX,20.87,-90.4,87.39,63,9,8.9,clear sky
221,Sao Joao Da Barra,BR,-21.64,-41.05,75.2,50,75,11.41,broken clouds
222,Lingao,CN,19.91,109.69,80.17,82,60,6.58,broken clouds
223,Tateyama,JP,34.98,139.87,77.0,92,39,1.01,scattered clouds
224,Ostrovnoy,RU,68.05,39.51,59.16,87,100,17.9,overcast clouds
225,Sile,TR,41.18,29.61,77.0,66,0,4.0,clear sky
226,Tura,IN,25.52,90.22,74.43,95,61,4.12,moderate rain
227,Impfondo,CG,1.64,18.07,73.4,87,42,1.52,scattered clouds
228,Naryan-Mar,RU,67.67,53.09,57.07,84,15,10.94,few clouds
229,Kaduqli,SD,11.02,29.72,74.41,86,99,1.83,overcast clouds
230,Kruisfontein,ZA,-34.0,24.73,57.99,81,27,1.01,scattered clouds
231,Sao Desiderio,BR,-12.36,-44.97,91.15,27,34,6.42,scattered clouds
232,Port Augusta,AU,-32.5,137.77,42.8,87,40,2.24,scattered clouds
233,Alghero,IT,40.56,8.32,78.8,57,20,9.17,few clouds
234,Fare,PF,-16.7,-151.02,77.05,77,0,20.49,light rain
235,Boguchany,RU,58.38,97.45,53.31,85,5,1.72,clear sky
236,Klyuchi,RU,52.27,79.17,62.44,56,81,3.11,broken clouds
237,Bardiyah,LY,31.76,25.09,76.77,78,0,10.63,clear sky
238,Nouakchott,MR,18.09,-15.98,86.0,70,90,20.8,sand
239,High Level,CA,58.52,-117.14,57.2,93,90,5.82,overcast clouds
240,Waipawa,NZ,-41.41,175.52,53.6,87,98,19.46,light rain
241,Covington,US,39.08,-84.51,84.99,69,1,4.7,clear sky
242,Gizo,SB,-8.1,156.84,77.04,91,100,17.98,heavy intensity rain
243,Yulara,AU,-25.24,130.99,59.0,37,0,6.93,clear sky
244,Evensk,RU,61.95,159.23,41.67,67,96,8.61,overcast clouds
245,Mayor Pablo Lagerenza,PY,-19.93,-60.77,80.17,36,2,9.95,clear sky
246,Tiksi,RU,71.69,128.87,37.63,79,86,10.22,overcast clouds
247,Batagay,RU,67.63,134.63,34.79,94,97,3.27,overcast clouds
248,Norman Wells,CA,65.28,-126.83,60.8,67,20,11.41,few clouds
249,Krasnoselkup,RU,65.7,82.47,49.28,93,74,2.26,broken clouds
250,Minab,IR,27.15,57.08,89.6,70,0,4.7,clear sky
251,Kedrovyy,RU,56.17,91.82,53.6,93,40,2.24,fog
252,Nipawin,CA,53.37,-104.0,69.8,56,1,9.17,clear sky
253,Zyryanka,RU,65.75,150.85,34.75,89,98,7.25,overcast clouds
254,Darlawn,IN,24.02,92.9,68.18,100,83,1.81,light rain
255,Vila Velha,BR,-20.33,-40.29,73.4,60,75,16.11,broken clouds
256,Islampur,IN,26.27,88.2,78.8,94,40,2.24,scattered clouds
257,Pevek,RU,69.7,170.31,37.51,96,100,3.8,overcast clouds
258,Saint George,US,37.1,-113.58,93.99,31,1,3.36,clear sky
259,Jinchang,CN,38.5,102.17,70.99,34,3,7.99,clear sky
260,Juneau,US,58.3,-134.42,57.0,93,90,8.05,light rain
261,Saint Anthony,US,45.02,-93.22,88.0,62,40,5.79,scattered clouds
262,Mountain Home,US,43.13,-115.69,75.2,41,20,11.41,few clouds
263,Aklavik,CA,68.22,-135.01,60.8,72,75,9.17,broken clouds
264,Marawi,PH,8.0,124.29,75.99,89,45,5.01,scattered clouds
265,Mackay,AU,-21.15,149.2,44.6,87,28,3.36,scattered clouds
266,Kolyshley,RU,52.7,44.54,68.0,46,15,2.71,few clouds
267,Kimbe,PG,-5.55,150.14,73.38,93,100,1.95,moderate rain
268,Ponta Do Sol,PT,32.67,-17.1,80.01,67,0,2.93,clear sky
269,Uyar,RU,55.81,94.32,55.85,74,75,5.1,broken clouds
270,Vardo,NO,70.37,31.11,57.2,87,92,14.99,overcast clouds
271,Rudnichnyy,RU,59.62,52.47,55.33,94,5,1.72,clear sky
272,Palimbang,PH,6.21,124.19,79.05,78,31,4.99,scattered clouds
273,Portland,US,45.52,-122.68,70.0,63,1,4.7,clear sky
274,Avera,US,33.19,-82.53,82.99,100,90,16.11,heavy intensity rain
275,Teya,RU,60.38,92.63,50.58,88,20,2.37,few clouds
276,San Luis Jilotepeque,GT,14.65,-89.73,78.8,78,20,2.21,few clouds
277,Hukuntsi,BW,-24.0,21.75,60.6,41,0,5.48,clear sky
278,Gazojak,TM,41.19,61.4,87.78,24,22,17.69,few clouds
279,Tambura,SS,5.6,27.47,70.54,95,100,5.06,light rain
280,Nizhniy Kuranakh,RU,58.84,125.49,40.5,74,0,1.48,clear sky
281,Kysyl-Syr,RU,63.9,122.76,39.87,80,0,5.7,clear sky
282,Cherat,PK,33.82,71.89,89.6,62,20,6.93,haze
283,Evans,US,33.53,-82.13,90.0,66,40,3.36,scattered clouds
284,Great Falls,US,47.5,-111.3,80.01,23,1,5.82,clear sky
285,Nicolas Bravo,MX,18.45,-88.92,87.8,74,75,9.17,broken clouds
286,Torbay,CA,47.67,-52.73,72.0,46,20,10.29,few clouds
287,North Battleford,CA,52.78,-108.28,71.01,60,90,9.17,overcast clouds
288,Wonthaggi,AU,-38.6,145.59,45.0,95,71,10.0,light rain
289,Goderich,CA,43.75,-81.72,87.01,78,18,8.75,few clouds
290,Jasper,US,37.2,-94.35,88.0,48,1,11.41,clear sky
291,Kant,IN,27.8,79.8,80.69,78,7,6.78,clear sky
292,Yei,SS,4.09,30.68,68.0,93,71,2.95,light rain
293,Muros,ES,42.78,-9.06,77.0,63,3,13.0,clear sky
294,Pareora,NZ,-44.49,171.21,50.0,97,99,6.24,light rain
295,Nanortalik,GL,60.14,-45.24,47.46,78,3,3.36,clear sky
296,Byron Bay,AU,-28.65,153.62,51.01,58,0,6.93,clear sky
297,Tomatlan,MX,19.93,-105.25,90.0,63,48,5.97,scattered clouds
298,Santa Fe,AR,-31.63,-60.7,73.0,29,0,8.01,clear sky
299,Nikolskoye,RU,59.7,30.79,64.4,77,90,6.71,overcast clouds
300,Souillac,MU,-20.52,57.52,71.6,73,20,17.22,few clouds
301,Namatanai,PG,-3.67,152.43,77.38,87,99,3.36,moderate rain
302,Talnakh,RU,69.49,88.4,59.0,82,100,11.18,overcast clouds
303,Artyom,AZ,40.47,50.33,69.8,64,20,13.87,few clouds
304,Longyearbyen,SJ,78.22,15.64,46.4,61,20,8.05,few clouds
305,Fereydun Kenar,IR,36.69,52.52,73.4,88,90,6.93,overcast clouds
306,Sendenhorst,DE,51.83,7.83,66.0,77,54,4.0,broken clouds
307,Aksu,CN,41.12,80.26,81.32,23,0,7.23,clear sky
308,Port Lincoln,AU,-34.73,135.87,47.03,82,56,2.75,broken clouds
309,Dmitriyevskoye,RU,45.81,41.9,65.68,43,49,8.03,scattered clouds
310,Voh,NC,-20.97,164.7,67.68,83,41,3.83,scattered clouds
311,Mackenzie,CA,55.3,-123.17,55.4,66,1,9.17,clear sky
312,Zhmerynka,UA,49.04,28.11,77.0,47,1,4.47,clear sky
313,Marsh Harbour,BS,26.54,-77.06,86.34,76,41,21.23,scattered clouds
314,Anuradhapura,LK,8.36,80.42,77.99,82,0,7.31,clear sky
315,Amapa,BR,1.0,-52.0,93.52,39,24,4.16,few clouds
316,Price,US,39.6,-110.81,82.4,23,1,8.05,clear sky
317,Kalaleh,IR,37.38,55.49,77.0,73,75,13.87,broken clouds
318,Charters Towers,AU,-20.1,146.27,51.76,43,13,6.22,few clouds
319,New Amsterdam,GY,6.25,-57.52,89.47,56,38,7.72,scattered clouds
320,Miles City,US,46.41,-105.84,75.2,33,1,12.75,clear sky
321,Port Hardy,CA,50.7,-127.42,53.6,93,90,2.24,overcast clouds
322,Ulaangom,MN,49.98,92.07,56.46,65,91,3.2,overcast clouds
323,Octeville,FR,49.63,-1.64,64.99,77,90,14.99,overcast clouds
324,Kariba,ZW,-16.52,28.8,67.89,52,38,3.36,scattered clouds
325,Walvis Bay,NA,-22.96,14.51,78.8,22,0,3.36,clear sky
326,Ballina,AU,-28.87,153.57,51.01,60,0,6.93,clear sky
327,Starokozache,UA,46.34,29.99,71.6,64,0,4.47,clear sky
328,Rongcheng,CN,30.63,117.85,79.34,80,0,2.89,clear sky
329,Cam Ranh,VN,11.92,109.16,82.4,88,20,2.24,few clouds
330,Severo-Kurilsk,RU,50.68,156.12,51.53,72,94,3.94,overcast clouds
331,Bairiki,KI,1.33,172.98,80.6,78,40,4.7,scattered clouds
332,Makat,KZ,47.65,53.35,73.6,36,51,8.99,broken clouds
333,Upernavik,GL,72.79,-56.15,44.58,84,83,8.95,broken clouds
334,Marfino,RU,55.7,37.38,68.0,63,90,6.71,overcast clouds
335,Staffanstorp,SE,55.64,13.21,68.0,63,40,11.41,scattered clouds
336,Gediz,TR,39.04,29.41,69.51,43,0,7.85,clear sky
337,Alice Springs,AU,-23.7,133.88,48.2,42,0,6.64,clear sky
338,Kot Kapura,IN,30.58,74.9,83.66,72,3,8.37,clear sky
339,Honningsvag,NO,70.98,25.97,57.2,82,75,10.29,broken clouds
340,Abnub,EG,27.27,31.15,86.0,35,0,11.41,clear sky
341,Andenes,NO,69.31,16.12,55.4,93,90,21.92,overcast clouds
342,Pirapozinho,BR,-22.28,-51.5,75.2,33,0,13.87,clear sky
343,Adrar,MR,20.5,-10.07,110.86,7,86,11.39,overcast clouds
344,Agbor,NG,6.25,6.19,75.18,89,100,5.86,overcast clouds
345,Port-Gentil,GA,-0.72,8.78,78.8,74,75,13.44,broken clouds
346,Strezhevoy,RU,60.73,77.59,53.6,100,95,2.24,overcast clouds
347,Hervey Bay,AU,-25.3,152.85,54.0,40,0,8.05,clear sky
348,Matagami,CA,49.75,-77.63,66.2,52,1,6.33,clear sky
349,Touros,BR,-5.2,-35.46,82.4,61,40,16.11,scattered clouds
350,Isangel,VU,-19.55,169.27,74.59,87,5,4.07,clear sky
351,Sayat,TM,38.78,63.88,87.8,23,75,6.93,broken clouds
352,Mingshui,CN,36.72,117.5,86.0,71,69,11.72,light rain
353,Hollins,US,37.34,-79.94,87.01,62,75,6.93,broken clouds
354,Kedougou,SN,12.56,-12.17,83.88,79,92,3.42,overcast clouds
355,Bay Roberts,CA,47.6,-53.26,72.0,100,1,1.01,clear sky
356,Gotsu,JP,35.0,132.22,74.8,88,4,2.71,clear sky
357,Marystown,CA,47.17,-55.15,64.99,62,0,14.81,clear sky
358,Pervomayskiy,RU,53.25,40.29,63.34,63,35,3.18,scattered clouds
359,Hualmay,PE,-11.1,-77.61,66.97,63,15,8.19,few clouds
360,Svetlogorsk,BY,52.63,29.73,69.3,71,89,7.27,overcast clouds
361,Yafran,LY,32.06,12.53,76.5,56,0,7.92,clear sky
362,Ancud,CL,-41.87,-73.82,52.0,93,90,14.99,overcast clouds
363,Lambarene,GA,-0.7,10.24,79.75,67,100,6.73,overcast clouds
364,Stillwater,US,36.12,-97.06,91.0,46,1,6.93,clear sky
365,Kirakira,SB,-10.45,161.92,79.45,82,94,7.81,light rain
366,Constantine,DZ,36.37,6.61,86.0,42,20,10.29,few clouds
367,Teguise,ES,29.06,-13.56,80.6,65,20,31.09,few clouds
368,Saint-Joseph,RE,-21.37,55.62,68.0,72,12,4.7,few clouds
369,Hit,IQ,33.64,42.83,89.02,18,0,11.45,clear sky
370,Santa Maria,BR,-29.68,-53.81,69.8,46,0,14.99,clear sky
371,Atherton,GB,53.52,-2.49,63.0,70,78,7.0,broken clouds
372,Broome,US,42.25,-75.83,89.01,51,1,4.7,clear sky
373,Vinh,VN,18.67,105.67,80.58,78,54,4.56,broken clouds
374,Kaukauna,US,44.28,-88.27,84.99,47,40,4.7,scattered clouds
375,Tala,EG,30.68,30.94,77.4,63,0,8.81,clear sky
376,Gorontalo,ID,0.54,123.06,71.62,83,6,3.04,clear sky
377,Sri Aman,MY,1.24,111.46,77.0,94,91,1.05,overcast clouds
378,Paraiso,CR,9.84,-83.87,75.99,78,40,8.05,scattered clouds
379,Gannan,CN,47.91,123.5,65.28,75,99,3.47,overcast clouds
380,Raga,SS,8.46,25.68,71.24,95,96,6.33,overcast clouds
381,Poum,NC,-20.23,164.02,71.87,82,84,14.43,broken clouds
382,Chenghai,CN,23.46,116.77,82.4,83,16,4.68,few clouds
383,Atyrau,KZ,47.12,51.88,68.0,34,86,13.42,overcast clouds
384,Menongue,AO,-14.66,17.69,69.46,27,55,2.01,broken clouds
385,Richards Bay,ZA,-28.78,32.04,66.54,81,0,8.5,clear sky
386,Fazendas De Almeirim,PT,39.18,-8.57,88.0,37,4,1.99,clear sky
387,Lahijan,IR,37.21,50.0,62.6,100,90,6.93,moderate rain
388,Ugoofaaru,MV,5.67,73.0,84.42,64,87,2.86,overcast clouds
389,Uglovka,RU,58.24,33.51,59.99,98,100,5.93,overcast clouds
390,Guerrero Negro,MX,27.98,-114.06,83.03,50,74,16.33,broken clouds
391,Andros Town,BS,24.7,-77.77,87.8,74,75,17.22,light intensity shower rain
392,Latung,PH,5.5,120.88,83.7,78,40,10.42,light rain
393,Katsuura,JP,35.13,140.3,78.8,88,40,5.82,scattered clouds
394,Puerto Barrios,GT,15.72,-88.6,86.0,70,40,4.7,scattered clouds
395,Belaya Gora,RU,68.53,146.42,34.07,93,99,5.97,overcast clouds
396,Yemelyanovo,RU,56.17,92.68,53.6,93,40,2.24,fog
397,Eyl,SO,7.98,49.82,77.47,69,47,26.62,scattered clouds
398,Mehamn,NO,71.04,27.85,57.2,82,75,10.29,broken clouds
399,Maumere,ID,-8.62,122.21,75.92,76,45,1.86,scattered clouds
400,Ayan,RU,56.45,138.17,54.28,64,21,6.38,few clouds
401,Seymchan,RU,62.88,152.43,33.46,90,100,5.59,overcast clouds
402,Cozumel,MX,20.51,-86.95,86.0,79,90,3.36,overcast clouds
403,Atambua,ID,-9.11,124.89,66.9,71,51,5.35,broken clouds
404,Naze,JP,28.37,129.48,84.2,89,75,9.17,light rain
405,Santa Luzia,BR,-19.77,-43.85,64.4,63,75,16.11,broken clouds
406,Viedma,AR,-40.81,-63.0,66.99,26,30,11.99,scattered clouds
407,Manggar,ID,-2.88,108.27,80.58,81,83,10.51,broken clouds
408,Finschhafen,PG,-6.6,147.87,78.78,73,100,6.8,overcast clouds
409,Thaton,MM,16.92,97.37,76.24,91,100,4.56,light rain
410,Baykit,RU,61.67,96.37,52.43,88,1,2.04,clear sky
411,Chipata,ZM,-13.63,32.65,63.73,60,78,5.17,broken clouds
412,Barbastro,ES,42.04,0.13,84.2,23,21,11.41,few clouds
413,Arman,RU,59.7,150.17,39.51,72,0,9.86,clear sky
414,Kitimat,CA,54.05,-128.65,55.4,87,90,3.36,overcast clouds
415,Manaus,BR,-3.1,-60.02,84.2,62,75,6.93,broken clouds
416,Praya,CV,14.92,-23.51,84.2,74,75,11.41,broken clouds
417,Khorinsk,RU,52.17,109.77,54.7,87,93,3.31,overcast clouds
418,Inirida,CO,3.87,-67.92,77.43,94,47,1.74,light rain
419,Tobane,BW,-21.95,27.9,68.0,56,0,6.02,clear sky
420,Pasighat,IN,28.07,95.33,77.38,84,82,2.64,light rain
421,Rio Gallegos,AR,-51.62,-69.22,42.8,33,20,21.92,few clouds
422,Dingle,PH,11.0,122.67,76.68,87,94,0.76,overcast clouds
423,Palmer,US,42.16,-72.33,91.0,43,20,11.41,few clouds
424,Bonavista,CA,48.65,-53.11,64.0,77,1,3.0,clear sky
425,Tianjin,CN,39.14,117.18,80.6,83,98,11.18,mist
426,Punjai Puliyampatti,IN,11.35,77.2,77.0,83,20,9.17,few clouds
427,Bereda,ES,43.27,-7.54,71.01,73,40,14.0,scattered clouds
428,Aras,ES,42.56,-2.36,77.0,41,59,6.93,broken clouds
429,Yaring,TH,6.87,101.37,79.29,83,53,4.52,broken clouds
430,Birobidzhan,RU,48.8,132.95,60.31,92,97,3.56,overcast clouds
431,Komsomolskiy,UZ,40.43,71.72,78.8,36,0,9.17,clear sky
432,Berlevag,NO,70.86,29.09,66.2,63,90,14.99,moderate rain
433,Lata,PT,40.16,-8.33,82.99,45,27,7.63,scattered clouds
434,Rapid Valley,US,44.06,-103.15,93.99,35,1,11.41,smoke
435,Coos Bay,US,43.37,-124.22,72.0,87,20,9.86,few clouds
436,San Rafael,AR,-34.62,-68.33,68.36,21,0,6.82,clear sky
437,Atasu,KZ,48.68,71.64,63.3,46,92,8.23,overcast clouds
438,Imeni Zhelyabova,RU,58.95,36.6,61.54,93,100,7.4,overcast clouds
439,Jaciara,BR,-15.97,-54.97,96.87,20,0,2.75,clear sky
440,Starkville,US,33.45,-88.82,86.0,51,75,4.45,broken clouds
441,Makakilo City,US,21.35,-158.09,80.6,78,1,3.36,clear sky
442,Sorland,NO,67.67,12.69,51.8,81,75,19.46,shower rain
443,Quatre Cocos,MU,-20.21,57.76,72.0,73,20,17.22,few clouds
444,Tokur,RU,53.13,132.9,47.05,88,100,2.13,overcast clouds
445,Nacala,MZ,-14.54,40.67,72.39,77,25,8.88,scattered clouds
446,Bosobolo,CD,4.18,19.9,72.28,94,100,1.19,light rain
447,Yar-Sale,RU,66.83,70.83,52.32,93,48,11.61,scattered clouds
448,Tessalit,ML,20.2,1.01,97.43,25,27,19.44,light rain
449,Zachepylivka,UA,49.19,35.24,65.86,48,35,3.76,scattered clouds
450,Vao,NC,-22.67,167.48,69.94,80,100,10.63,overcast clouds
451,Labe,GN,11.32,-12.28,72.18,92,95,0.69,moderate rain
452,Bolshaya Dzhalga,RU,45.97,42.7,66.06,45,27,7.61,scattered clouds
453,Grindavik,IS,63.84,-22.43,55.4,58,79,9.17,broken clouds
454,Henties Bay,NA,-22.12,14.28,63.0,77,0,8.37,clear sky
455,Nizhniy Tsasuchey,RU,50.52,115.13,56.55,94,100,6.67,overcast clouds
456,Jutai,BR,-5.18,-68.9,93.34,36,12,1.72,few clouds
457,Cabo San Lucas,MX,22.89,-109.91,90.0,55,40,6.93,scattered clouds
458,Sobolevo,RU,54.43,31.9,63.79,80,85,10.2,overcast clouds
459,Pailon,BO,-17.65,-62.75,77.0,33,0,14.99,clear sky
460,Lianzhou,CN,24.78,112.38,77.18,86,41,1.03,scattered clouds
461,Durban,ZA,-29.86,31.03,59.0,67,0,2.24,clear sky
462,Pimentel,PE,-6.84,-79.93,69.8,60,11,16.11,few clouds
463,Songjianghe,CN,42.19,127.48,58.32,95,99,4.41,overcast clouds
464,Khanpur,PK,28.65,70.66,97.2,35,0,3.24,clear sky
465,Nombre De Dios,MX,23.85,-104.23,77.0,36,5,13.87,clear sky
466,Quang Ngai,VN,15.12,108.8,77.77,88,99,4.94,overcast clouds
467,Nador,MA,35.17,-2.93,84.2,74,40,5.82,scattered clouds
468,College,US,64.86,-147.8,57.99,87,75,1.52,broken clouds
469,Yeppoon,AU,-23.13,150.73,44.6,75,25,6.4,scattered clouds
470,Flinders,AU,-34.58,150.86,50.0,60,0,10.0,clear sky
471,Bethel,US,41.37,-73.41,87.01,58,1,5.82,clear sky
472,Codrington,AU,-38.27,141.97,45.36,83,71,10.29,light rain
473,Dourbali,TD,11.81,15.86,78.1,82,96,6.69,overcast clouds
474,Sistranda,NO,63.73,8.83,51.8,71,75,19.46,shower rain
475,Margate,GB,51.38,1.39,70.0,59,50,1.99,light rain
476,Bure,ET,10.7,37.07,57.24,93,84,2.95,broken clouds
477,Cangzhou,CN,38.32,116.87,75.67,95,94,10.38,light rain
478,Manta,EC,-0.95,-80.73,71.6,94,90,4.7,overcast clouds
479,Sisimiut,GL,66.94,-53.67,47.86,74,5,5.93,clear sky
480,Sibolga,ID,1.74,98.78,76.95,79,100,3.06,overcast clouds
481,Santiago Del Estero,AR,-27.8,-64.26,76.44,18,1,17.87,clear sky
482,Plettenberg Bay,ZA,-34.05,23.37,57.11,80,41,6.17,scattered clouds
483,Husavik,IS,66.04,-17.34,51.8,71,97,6.93,overcast clouds
484,Emba,KZ,48.83,58.14,65.5,51,100,6.11,overcast clouds
485,Igunga,TZ,-4.28,33.88,78.4,29,87,5.66,overcast clouds
486,Canberra,AU,-35.28,149.13,35.6,80,0,8.05,clear sky
487,Baijiantan,CN,45.63,85.18,82.83,23,93,13.87,overcast clouds
488,Balkhash,KZ,46.84,74.98,71.83,46,29,6.78,scattered clouds
489,Dubrovnik,HR,42.65,18.09,78.8,78,20,8.05,few clouds
490,Birao,CF,10.28,22.79,72.59,94,96,4.92,light rain
491,Roald,NO,62.58,6.13,53.6,62,40,13.87,scattered clouds
492,Ponca City,US,36.71,-97.09,91.0,40,1,6.93,clear sky
493,Solnechnyy,RU,50.72,136.63,57.25,91,97,1.32,overcast clouds
494,Idlib,SY,35.93,36.63,84.2,42,0,6.93,clear sky
495,Namtsy,RU,62.72,129.67,41.0,69,74,2.24,broken clouds
496,Lozovo,MK,41.78,21.91,84.2,48,0,8.05,clear sky
497,Lincoln,US,40.8,-96.67,91.99,45,1,5.91,clear sky
498,Bilma,NE,18.69,12.92,95.4,33,57,12.33,light rain
499,Qui Nhon,VN,13.77,109.23,80.46,79,93,4.85,overcast clouds
500,Hovd,MN,48.01,91.64,61.32,41,44,8.84,scattered clouds
501,Along,IN,28.17,94.77,73.65,89,93,1.14,light rain
502,Fort Dodge,US,42.5,-94.17,87.8,62,1,2.66,clear sky
503,Las Margaritas,MX,16.32,-91.98,71.56,88,73,2.08,moderate rain
504,Kaeo,NZ,-35.1,173.78,54.0,3,17,8.01,few clouds
505,El Porvenir,HN,13.76,-87.35,82.4,58,75,4.12,broken clouds
506,Shingu,JP,33.73,135.98,74.86,90,99,3.29,overcast clouds
507,Doha,QA,25.29,51.53,95.0,79,9,5.82,clear sky
508,Tigzirt,DZ,36.89,4.12,80.29,71,0,15.48,clear sky
509,Borogontsy,RU,62.67,131.17,40.69,68,84,1.68,broken clouds
510,Atagay,RU,55.1,99.39,51.94,82,0,3.58,clear sky
511,Amberley,US,39.2,-84.43,86.0,69,1,4.7,clear sky
512,Sarishabari,BD,24.73,89.83,83.23,82,41,9.82,light rain
513,Soe,ID,-9.86,124.28,61.09,91,9,5.5,clear sky
514,Yarada,IN,17.65,83.27,82.4,94,75,6.93,mist
515,Seminole,US,28.71,-81.21,95.0,52,1,12.75,clear sky
516,Pincher Creek,CA,49.48,-113.95,73.99,32,2,3.36,clear sky
517,Coruripe,BR,-10.13,-36.18,78.62,69,68,9.69,broken clouds
518,Mehran,IR,33.12,46.16,77.0,27,0,9.17,clear sky
519,Elbistan,TR,38.21,37.2,60.85,53,0,5.99,clear sky
520,Korla,CN,41.76,86.15,87.01,52,17,4.0,few clouds
521,Tuatapere,NZ,-46.13,167.68,44.01,92,58,3.0,broken clouds
522,Monchegorsk,RU,67.94,32.87,57.97,92,89,7.52,overcast clouds
523,Trairi,BR,-3.28,-39.27,82.96,60,1,17.54,clear sky
524,Morros,BR,-9.45,-46.3,97.74,19,13,4.92,few clouds
525,Praia Da Vitoria,PT,38.73,-27.07,82.4,65,20,3.89,few clouds
526,Kathmandu,NP,27.72,85.32,71.6,94,75,3.36,light rain
527,Bilibino,RU,68.05,166.44,38.53,91,100,2.95,overcast clouds
528,Havoysund,NO,71.0,24.66,57.2,82,75,10.29,broken clouds
529,Talcahuano,CL,-36.72,-73.12,55.4,76,90,25.28,overcast clouds
530,Caarapo,BR,-22.63,-54.82,68.13,69,12,10.33,few clouds
531,Fasa,IR,28.94,53.65,86.0,25,10,6.31,clear sky
532,Somotillo,NI,13.04,-86.91,82.4,83,40,4.7,moderate rain
533,Curup,ID,-3.47,102.53,69.03,91,98,4.25,overcast clouds
534,Nichinan,JP,31.6,131.37,78.58,82,45,2.71,scattered clouds
535,Kununurra,AU,-15.77,128.73,62.6,27,1,6.31,clear sky
536,Udachnyy,RU,66.42,112.4,48.2,66,1,6.71,clear sky
537,Northam,GB,51.03,-4.22,64.0,82,100,11.99,overcast clouds
538,Mahibadhoo,MV,3.78,72.97,82.74,69,80,0.89,moderate rain
539,Toda Raisingh,IN,26.03,75.48,80.62,86,17,1.99,light rain
540,Asau,RO,46.43,26.4,69.01,77,8,2.13,light rain
541,Uvira,CD,-3.41,29.15,76.21,54,62,3.29,broken clouds
542,Pelym,RU,61.01,62.0,51.35,78,0,4.5,clear sky
543,Almaznyy,RU,48.04,40.05,68.0,34,0,6.71,clear sky
544,Two Rivers,US,44.15,-87.57,82.99,74,1,6.93,clear sky
545,Umm Lajj,SA,25.02,37.27,83.89,60,0,4.05,clear sky
546,Port Macquarie,AU,-31.43,152.92,48.99,56,0,11.99,clear sky
547,Verkhnyaya Toyma,RU,62.23,45.0,61.09,90,100,1.21,overcast clouds
548,Itaituba,BR,-4.28,-55.98,91.4,49,3,8.05,clear sky
549,Martin,US,27.08,-80.42,93.99,70,75,16.11,broken clouds
550,Dehloran,IR,32.69,47.27,91.36,15,0,9.28,clear sky
551,Papetoai,PF,-17.5,-149.87,73.4,78,20,5.82,few clouds
552,Sur,OM,22.57,59.53,80.31,76,96,13.49,overcast clouds
553,Shaoyang,CN,27.23,111.45,78.13,82,0,4.14,clear sky
554,Surgana,IN,20.57,73.62,71.64,98,100,9.01,overcast clouds
555,Chaohu,CN,31.6,117.87,84.2,100,0,4.47,mist
556,Crib Point,AU,-38.35,145.2,46.0,94,89,5.01,light rain
557,Erechim,BR,-27.63,-52.27,69.8,46,0,23.04,clear sky
558,Akhmeta,GE,42.03,45.21,59.0,100,75,0.6,broken clouds
559,Onalaska,US,43.88,-91.24,84.99,62,1,5.82,clear sky
560,Kampong Thum,KH,12.71,104.89,77.18,88,69,3.83,broken clouds
561,Vostok,RU,46.49,135.88,53.15,89,100,3.31,overcast clouds
562,Businga,CD,3.33,20.88,71.51,93,96,0.22,overcast clouds
563,Sambava,MG,-14.27,50.17,71.67,78,100,12.91,light rain
564,Plerin,FR,48.54,-2.78,66.99,59,57,9.17,broken clouds
565,Nynashamn,SE,58.9,17.95,69.01,69,69,4.0,broken clouds
566,Kahului,US,20.89,-156.47,80.6,61,20,10.29,few clouds
567,Gedo,ET,9.02,37.45,53.26,100,97,2.59,overcast clouds
568,Chumikan,RU,54.72,135.31,50.43,68,2,0.94,clear sky
569,Yenagoa,NG,4.92,6.26,76.57,83,100,6.33,overcast clouds
570,Baft,IR,29.23,56.61,75.22,39,52,4.72,broken clouds
571,Tagusao,PH,9.19,117.81,80.2,75,96,4.92,overcast clouds
572,Salalah,OM,17.02,54.09,77.0,100,90,3.36,mist
573,Seydi,TM,39.48,62.91,88.27,17,37,17.4,scattered clouds
574,Eureka,US,40.8,-124.16,60.01,100,90,3.36,mist
575,Cap-Aux-Meules,CA,47.38,-61.86,69.8,68,40,11.41,scattered clouds
576,Santo Augusto,BR,-27.85,-53.78,62.96,70,0,11.72,clear sky
577,Imbituba,BR,-28.24,-48.67,64.4,72,75,5.82,broken clouds
578,Tambopata,PE,-12.73,-69.18,78.8,50,0,5.82,clear sky
579,Wanning,CN,18.8,110.4,80.55,85,100,8.12,overcast clouds
580,Nayoro,JP,44.35,142.46,54.99,81,89,0.85,overcast clouds
581,Ixtapa,MX,20.7,-105.2,88.0,70,5,4.7,clear sky
582,Louis Trichardt,ZA,-23.04,29.9,60.44,35,0,3.6,clear sky
583,Bonga,ET,7.28,36.23,61.09,90,100,1.59,overcast clouds
584,Motygino,RU,58.18,94.76,52.84,81,47,2.95,scattered clouds
585,Shelburne,CA,44.08,-80.2,86.0,48,1,9.17,clear sky
586,Tanabe,JP,33.73,135.37,81.0,85,76,1.83,light rain
587,Mao,ES,39.89,4.27,78.8,61,0,10.29,clear sky
588,Lishui,CN,28.46,119.91,75.81,83,1,1.9,clear sky
589,Camacha,PT,33.08,-16.33,77.0,69,20,14.99,few clouds
590,Rocha,UY,-34.48,-54.33,63.81,52,0,11.21,clear sky
591,Polovinnoye,RU,54.79,65.99,54.63,93,100,6.51,overcast clouds
592,Nhulunbuy,AU,-12.23,136.77,64.4,77,0,3.36,clear sky
593,Sabzevar,IR,36.21,57.68,76.35,42,0,7.2,clear sky
594,Marovoay,MG,-16.1,46.63,75.67,47,22,10.63,few clouds
595,Arys,KZ,42.43,68.8,87.8,16,88,6.71,overcast clouds
596,Lasa,IT,46.62,10.7,66.0,63,40,4.7,scattered clouds
597,Leningradskiy,RU,69.38,178.42,43.63,89,100,10.98,overcast clouds
598,Presidencia Roque Saenz Pena,AR,-26.79,-60.44,73.13,36,24,10.65,few clouds
599,Vanavara,RU,60.34,102.28,54.9,85,100,2.86,overcast clouds
600,Gelemso,ET,8.82,40.52,61.68,82,24,10.09,few clouds
601,The Valley,AI,18.22,-63.06,87.8,74,40,17.22,scattered clouds
602,Mahanoro,MG,-19.9,48.8,66.6,80,17,3.09,few clouds
603,Taoudenni,ML,22.68,-3.98,112.89,6,50,12.55,scattered clouds
604,Macau,MO,22.2,113.55,84.2,83,20,5.82,few clouds
605,Swan Hill,AU,-35.34,143.55,35.55,92,6,6.49,clear sky
606,Jalu,LY,29.03,21.55,87.39,29,0,18.07,clear sky
607,Cuamba,MZ,-14.8,36.54,65.62,66,83,3.62,broken clouds
608,Luderitz,NA,-26.65,15.16,59.85,70,0,14.54,clear sky
609,Tumarbong,PH,10.38,119.46,79.7,82,98,3.96,overcast clouds
610,Cockburn Town,TC,21.46,-71.14,84.13,76,100,31.61,overcast clouds
611,Pangnirtung,CA,66.15,-65.71,42.8,93,75,11.41,broken clouds
612,Semnan,IR,35.57,53.4,86.0,22,0,14.52,clear sky
613,Shache,CN,38.42,77.24,72.19,22,0,3.62,clear sky
614,Ozinki,RU,51.18,49.68,62.65,58,43,7.4,scattered clouds
615,Preobrazheniye,RU,42.9,133.91,66.06,90,25,3.69,scattered clouds
616,Sao Gabriel Da Cachoeira,BR,-0.13,-67.09,73.4,83,75,2.24,broken clouds
617,Orlik,RU,52.52,99.83,42.8,68,24,0.63,few clouds
618,Coihaique,CL,-45.58,-72.07,39.2,86,90,3.36,light rain
619,Deputatskiy,RU,69.3,139.9,30.63,99,100,3.0,overcast clouds
620,Xining,CN,36.62,101.77,52.65,82,11,1.86,few clouds
621,Gogrial,SS,8.53,28.1,74.95,93,97,4.43,overcast clouds
622,Minot,US,48.23,-101.3,71.01,68,1,13.87,clear sky
623,Marsa Matruh,EG,31.35,27.25,80.6,69,0,8.05,clear sky
624,Gabu,GW,12.28,-14.22,83.28,81,75,4.59,broken clouds
625,Hushitai,CN,41.93,123.51,73.4,78,90,6.71,overcast clouds
626,Altay,CN,47.87,88.12,62.06,37,86,5.7,overcast clouds
627,Necochea,AR,-38.55,-58.74,66.0,43,0,17.0,clear sky
628,Kavaratti,IN,10.57,72.64,82.31,79,51,13.35,light rain
629,Houma,US,29.6,-90.72,88.0,52,9,7.0,moderate rain
630,Hokitika,NZ,-42.72,170.97,49.73,90,100,7.2,moderate rain
631,Noboribetsu,JP,42.45,141.17,61.0,93,75,2.24,broken clouds
632,Raudeberg,NO,61.99,5.14,51.01,78,95,12.35,light rain
633,Linjiang,CN,41.81,126.91,62.69,88,100,1.88,overcast clouds
634,Rafaela,AR,-31.25,-61.49,73.0,17,0,8.99,clear sky
635,Satipo,PE,-11.25,-74.64,87.96,38,53,2.33,broken clouds
636,Inta,RU,66.03,60.17,45.09,80,0,3.96,clear sky
637,Kuytun,RU,54.34,101.5,50.94,93,99,3.24,overcast clouds
638,Ust-Omchug,RU,61.15,149.63,28.96,94,3,4.92,clear sky
639,Luena,AO,-11.78,19.92,68.77,29,1,2.48,clear sky
640,Gubkinskiy,RU,64.43,76.5,55.45,82,98,5.64,overcast clouds
641,Kingsville,US,27.52,-97.86,91.4,70,90,4.7,thunderstorm
642,Komatipoort,ZA,-25.43,31.95,68.0,47,0,5.1,clear sky
643,Aksarka,RU,66.56,67.8,51.93,85,99,12.03,overcast clouds
644,Waingapu,ID,-9.66,120.26,73.76,83,66,5.73,broken clouds
645,Cochrane,CA,51.18,-114.47,64.0,66,90,5.82,overcast clouds
646,Kuybysheve,UA,47.36,36.65,65.08,42,0,5.37,clear sky
647,Altamira,BR,-3.2,-52.21,89.6,59,75,3.36,broken clouds
648,Ilula,TZ,-7.68,36.04,64.4,55,5,4.7,clear sky
649,Raymondville,US,26.48,-97.78,80.6,78,40,19.46,thunderstorm with light rain
650,Maltahohe,NA,-24.83,16.98,59.77,28,0,6.22,clear sky
651,Valdivia,CL,-39.81,-73.25,48.2,100,90,1.12,light rain
652,Luzhou,CN,28.87,105.44,76.66,89,61,6.6,moderate rain
653,Dwarka,IN,22.24,68.97,82.78,82,100,20.33,moderate rain
654,Kidal,ML,18.44,1.41,99.43,24,4,8.99,clear sky
655,Salou,ES,41.08,1.14,82.4,65,20,8.05,few clouds
656,Ekhabi,RU,53.51,142.97,46.29,95,0,2.98,clear sky
657,Innisfail,AU,-17.53,146.03,59.59,61,69,4.56,broken clouds
658,Takaka,NZ,-40.85,172.8,53.01,90,100,4.0,overcast clouds
659,Jacareacanga,BR,-6.22,-57.75,105.33,17,0,1.74,clear sky
660,Bulanash,RU,57.28,62.0,51.66,94,9,4.38,clear sky
661,Diamantino,BR,-14.41,-56.45,100.06,20,0,1.74,clear sky
662,Grand Gaube,MU,-20.01,57.66,72.0,69,22,7.0,few clouds
663,Sacramento,US,38.47,-121.32,84.0,41,75,3.36,haze
664,Abapo,BO,-18.83,-63.47,75.63,34,0,7.02,clear sky
665,Yabelo,ET,4.88,38.08,62.64,73,88,12.8,overcast clouds
666,Anori,BR,-3.77,-61.64,102.67,23,0,1.95,clear sky
667,Doka,SD,13.52,35.77,73.71,91,86,8.52,light rain
668,Safford,US,32.83,-109.71,91.4,29,1,5.82,clear sky
669,Kasiri,SL,8.94,-13.11,80.19,81,93,8.66,light rain
670,Port-Cartier,CA,50.03,-66.87,62.6,55,75,8.05,broken clouds
671,Dicabisagan,PH,17.08,122.42,79.07,84,100,3.42,overcast clouds
672,Coahuayana,MX,18.73,-103.68,78.8,83,75,4.61,haze
673,Garmsar,IR,35.22,52.34,76.89,37,0,11.25,clear sky
674,Yaguajay,CU,22.33,-79.24,87.22,74,70,15.95,light rain
675,Muisne,EC,0.6,-80.03,82.4,74,75,3.36,broken clouds
676,Mount Isa,AU,-20.73,139.5,46.4,36,1,2.24,clear sky
677,Formosa Do Rio Preto,BR,-11.05,-45.19,96.01,21,27,6.38,scattered clouds
678,Penzance,GB,50.12,-5.54,64.0,77,83,13.87,broken clouds
679,Lokosovo,RU,61.13,74.82,50.07,96,98,2.51,overcast clouds
680,Arica,CL,-18.48,-70.3,64.4,68,90,10.29,overcast clouds
681,Matadi,CD,-5.82,13.45,80.82,61,96,6.96,overcast clouds
682,Bathsheba,BB,13.22,-59.52,86.0,70,40,6.93,shower rain
683,Zonguldak,TR,41.25,31.83,61.68,91,1,1.68,clear sky
684,Safaga,EG,26.73,33.94,87.8,52,0,5.82,clear sky
685,Esso,RU,55.93,158.7,36.59,82,65,2.39,broken clouds
686,Leshukonskoye,RU,64.9,45.76,57.49,95,94,4.07,light rain
687,Inhambane,MZ,-23.86,35.38,68.0,77,0,9.17,clear sky
688,Eydhafushi,MV,5.1,73.07,84.45,65,99,3.24,overcast clouds
689,Umm Kaddadah,SD,13.6,26.69,94.84,31,75,13.2,broken clouds
690,Vredendal,ZA,-31.67,18.5,58.15,77,31,11.12,scattered clouds
691,Kiknur,RU,57.3,47.2,60.08,79,13,5.48,few clouds
692,Nizhniy Odes,RU,63.64,54.86,53.58,85,35,2.8,scattered clouds
693,Asfi,MA,32.3,-9.24,77.76,55,0,22.39,clear sky
694,Abha,SA,18.22,42.51,73.4,88,92,6.93,overcast clouds
695,Morondava,MG,-20.28,44.28,73.53,86,0,7.56,clear sky
696,Dunedin,NZ,-45.87,170.5,48.99,96,100,1.99,light rain
697,Ewa Beach,US,21.32,-158.01,80.6,78,1,3.36,clear sky
698,Macea,RO,46.38,21.3,73.99,73,75,21.92,thunderstorm
